partner_member_id,first_name,last_name,date_of_birth,email,policy_start,policy_end
admiral-1017,Ella,Wilson,1988-05-01,ella.wilson1077@example.test,2026-07-01,2027-08-31
lv-1017,Ella,Hughes,1991-05-01,ella.hughes1017@example.test,2026-02-01,2027-03-31
admiral-1001,Amelia,Wilson,1993-01-01,amelia.wilson1061@example.test,2026-06-01,2027-07-31
lv-1022,Oliver,Bennett,1975-10-08,oliver.bennett1022@example.test,2026-02-01,2027-03-31
axa-1015,Ava,Patel,1977-09-01,ava.patel1045@example.test,2026-04-01,2027-05-31
admiral-1004,George,Wilson,1975-04-22,george.wilson1064@example.test,2026-06-01,2027-07-31
axa-1026,Jack,Patel,1988-08-22,jack.patel1056@example.test,2026-05-01,2027-06-30
axa-1009,Poppy,Bennett,1992-03-15,poppy.bennett1039@example.test,2026-04-01,2027-05-31
admiral-1023,Isla,Clarke,1994-11-15,isla.clarke1083@example.test,2026-07-01,2027-08-31
admiral-1016,Jack,Wilson,1987-04-22,jack.wilson1076@example.test,2026-07-01,2027-08-31
axa-1005,Freya,Bennett,1988-11-15,freya.bennett1035@example.test,2026-03-01,2027-04-30
aviva-1012,Ella,Clarke,19877-01-01,ella.clarke1097@example.test,2026-09-01,2027-10-31
axa-1018,Arthur,Patel,1980-12-22,arthur.patel1048@example.test,2026-04-01,2027-05-31
lv-1025,Ava,Bennett,1978-01-01,ava.bennett1025@example.test,2026-03-01,2027-04-30
admiral-1005,Ava,Wilson,1976-05-01,ava.wilson1065@example.test,2026-06-01,2027-07-31

lv-1021,Amelia,Bennett,1995-09-01,amelia.bennett1021@example.test,2026-02-01,2027-03-31
aviva-1011,Jack,Clarke,1986-12-22,jack.clarke1096@example.test,2026-08-01,2027-09-30
axa-1007,Ella,Bennett,1990-01-01,ella.bennett1037@example.test,2026-04-01,2027-05-31
lv-1011,Grace,Hughes,1985-11-15,grace.hughes1011@example.test,2026-01-01,2027-02-28
lv-1029,Sophia,Bennett,1982-05-01,sophia.bennett1029@example.test,2026-03-01,2027-04-30
lv-1006,Noah,Hughes,1980-06-08,noah.hughes1006@example.test,2026-01-01,2027-02-28
lv-1013,Lily,Hughes,1987-01-01,lily.hughes1013@example.test,2026-02-01,2027-03-31
axa-1028,Charlie,Patel,1990-10-08,charlie.patel1058@example.test,2026-05-01,2027-06-30
admiral-1026,Noah,Clarke,1976-02-08,noah.clarke1086@example.test,2026-08-01,2027-09-30
admiral-1021,Amelia,Clarke,1992-09-01,amelia.clarke1081@example.test,2026-07-01,2027-08-31
admiral-1029,Sophia,Clarke,1979-05-01,sophia.clarke1089@example.test,2026-08-01,2027-09-30
admiral-1030,Leo,Clarke,1980-06-08,leo.clarke1090@example.test,2026-08-01,2027-09-30
lv-1010,Leo,Hughes,1984-10-08,leo.hughes1010@example.test,2026-01-01,2027-02-28
axa-1013,Isla,Patel,1975-07-15,isla.patel1043@example.test,2026-04-01,2027-05-31
aviva-1013,Charlie,Clarke,1988-02-08,charlie.clarke1098@example.test,2026-09-01,2027-10-31
lv-1030,Leo,Bennett,1983-06-08,leo.bennett1030@example.test,2026-03-01,2027-04-30
lv-1003,Isla,Hughes,1977-03-15,isla.hughes1003@example.test,2026-01-01,2027-02-28
axa-1001,Grace,Bennett,1984-07-15,grace.bennett1031@example.test,2026-03-01,2027-04-30
admiral-1028,Arthur,Clarke,1978-04-22,arthur.clarke1088@example.test,2026-08-01,2027-09-30
lv-1016,Jack,Hughes,1990-04-22,jack.hughes1016@example.test,2026-02-01,2027-03-31
axa-1006,Jack,Bennett,1989-12-22,jack.bennett1036@example.test,2026-03-01,2027-04-30
lv-1012,Oscar,Hughes,1986-12-22,oscar.hughes1012@example.test,2026-01-01,2027-02-28
axa-1023,Lily,Patel,1985-05-01,lily.patel1053@example.test,2026-05-01,2027-06-30
lv-1018,Charlie,Hughes,1992-06-08,charlie.hughes1018@example.test,2026-02-01,2027-03-31
lv-1024,George,Bennett,1977-12-22,george.bennett1024@example.test,2026-02-01,2027-03-31
aviva-1006,Grace,Clarke,1981-07-15,grace.clarke1091@example.test,2026-08-01,2027-09-30
admiral-1002,Oliver,Wilson,1994-02-08,oliver.wilson1062@example.test,2026-06-01,2027-07-31
aviva-1015,Theo,Clarke,1990-04-22,theo.clarke1100@example.test,2026-09-01,2027-10-31
admiral-1018,Charlie,Wilson,1989-06-08,charlie.wilson1078@example.test,2026-07-01,2027-08-31
axa-1008,Charlie,Bennett,1991-02-08,charlie.bennett1038@example.test,2026-04-01,2027-05-31
axa-1017,Mia,Patel,1979-11-15,mia.patel1047@example.test,2026-04-01,2027-05-31
axa-1002,Oscar,Bennett,1985-08-22,oscar.bennett1032@example.test,2026-03-01,2027-04-30
aviva-1014,Poppy,Clarke,1989-03-15,poppy.clarke1099@example.test,2026-09-01,2027-10-31
lv-1005,Ava,Hughes,1979-05-01,ava.hughes1005@example.test,2026-01-01,2027-02-28
admiral-1007,Mia,Wilson,1978-07-15,mia.wilson1067@example.test,2026-06-01,2027-07-31
admiral-1008,Arthur,Wilson,1979-08-22,arthur.wilson1068@example.test,2026-06-01,2027-07-31
lv-1002,Oliver,Hughes,1976-02-08,oliver.hughes1002@example.test,2026-01-01,2027-02-28
lv-1028,Arthur,Bennett,1981-04-22,arthur.bennett1028@example.test,2026-03-01,2027-04-30
axa-1010,Theo,Bennett,1993-04-22,theo.bennett1040@example.test,2026-04-01,2027-05-31
axa-1004,Henry,Bennett,1987-10-08,henry.bennett1034@example.test,2026-03-01,2027-04-30
axa-1003,Lily,Bennett,1986-09-01,lily.bennett1033@example.test,2026-03-01,2027-04-30
admiral-1024,George,Clarke,1995-12-22,george.clarke1084@example.test,2026-07-01,2027-08-31
admiral-1010,Leo,Wilson,1981-10-08,leo.wilson1070@example.test,2026-06-01,2027-07-31
axa-1021,Grace,Patel,1983-03-15,grace.patel1051@example.test,2026-05-01,2027-06-30
aviva-1010,Freya,Clarke-Doublebarrel,1985-11-15,freya.clarke1095@example.test,2026-08-01,2027-09-30
lv-1019,Poppy,Hughes,1993-07-15,poppy.hughes1019@example.test,2027-03-31,2026-02-01
lv-1026,Noah,Bennett,1979-02-08,noah.bennett1026example.test,2026-03-01,2027-04-30
lv-1020,Theo,Hughes,1994-08-22,theo.hughes1020@example.test,2026-02-01,2027-03-31
lv-1027,Mia,Bennett,1980-03-15,mia.bennett1027@example.test,2026-03-01,2027-04-30
lv-1027,Mia,Bennett,1980-03-15,mia.bennett1027@example.test,2026-07-01,2027-07-30
axa-1029,Poppy,Patel,1991-11-15,poppy.patel1059@example.test,2026-05-01,2027-06-30
admiral-1022,O'liver,Clarke,1993-10-08,oliver.clarke1082@example.test,2026-07-01,2027-08-31
admiral-1027,Mia,Clarke,1977-03-15,mia.clarke1087@example.test,2026-08-01,2027-09-30
axa-1014,George,Patel,1976-08-22,george.patel1044@example.test,2026-04-01,2027-05-31
lv-1007,Mia,Hughes,1981-07-15,mia.hughes1007@example.test,2026-01-01,2027-02-28
admiral-1006,Noah,Wilson,2077-06-08,noah.wilson1066@example.test,2026-06-01,2027-07-31
aviva-1009,Henry,Clarke,1984-10-08,henry.clarke1094@example.test,2026-08-01,2027-09-30
admiral-1012,Oscar,Wilson,1983-12-22,oscar.wilson1072@example.test,2026-06-01,2027-07-31
aviva-1007,Oscar,Clarke,1982-08-22,oscar.clarke1092@example.test,2027-09-30
lv-1014,Henry,Hughes,1988-02-08,henry.hughes1014@example.test,2026-02-01,2027-03-31
admiral-1015,Freya,Wilson,1986-03-15,freya.wilson1075@example.test,2026-07-01,2027-08-31
lv-1008,Arthur,Hughes,1982-08-22,arthur.hughes1008@example,2026-01-01,2027-02-28
axa-1022,Oscar,Patel,1984-04-22,oscar.patel1052@example.test,2026-05-01,2027-06-30
axa-1016,Noah,Patel,1978-10-08,noah.patel1046@example.test,2026-04-01,2027-05-31
axa-1019,Sophia,Patel,1981-01-01,sophia.patel1049@example.test,2026-05-01,2027-06-30
axa-1030,Theo,1992-12-22,theo.patel1060@example.test,2026-05-01,2027-06-30
axa-1020,Leo,Patel,1982-02-08,leo.patel1050@example.test,2026-05-01,2027-06-30
admiral-1020,Theo,Wilson,1991-08-22,theo.wilson1080@example.test,2026-07-01,2027-08-31
lv-1015,Freya,Hughes,1989-03-15,freya.hughes1015@example.test,2026-02-01,2027-03-31
axa-1025,Freya,Patel,1987-07-15,freya.patel1055@example.test,2026-05-01,2027-06-30
admiral-1009,Sophia,Wilson,1980-09-01,sophia.wilson1069@example.test,2026-06-01,2027-07-31
axa-1011,Amelia,Patel,1994-05-01,amelia.patel1041@example.test,2026-04-01,2027-05-31
admiral-1013,Lily,Wilson,1984-01-01,lily.wilson1073@example.test,2026-07-01,2027-08-31
axa-1012,Oliver,Patel,1995-06-08,oliver.patel1042@example.test,2026-04-01,2027-05-31
admiral-1011,Grace,Wilson,1982-11-15,grace.wilson1071@example.test,2026-06-01,2027-07-31
lv-1009,Sophia,Hughes,1983-09-01,sophia.hughes1009@example.test,2026-01-01,2027-02-28
lv-1004,George,Hu@ghes,1978-04-22,george.hughes1004@example.test,2026-01-01,2027-02-28
admiral-1019,Poppy,Wilson,1990-07-15,poppy.wilson1079@example.test,2026-07-01,2027-08-31
lv-1023,Isla,Bennett,1976-11-15,isla.bennett1023@example.test,2026-02-01,2027-03-31
admiral-1025,Ava,Clarke,1975-01-01,ava.clarke1085@example.test,2026-08-01,2027-09-30
aviva-1008,Lily,Clarke,1983-09-01,lily.clarke1093@example.test,2026-08-01,2027-09-30
axa-1027,Ella,Patel,1989-09-01,ella.patel1057@example.test,2026-05-01,2027-06-30
lv-1001,Amelia,Hughes,1975-01-01,amelia.hughes1001@example.test,2026-01-01,2027-02-28
admiral-1014,Henry,Wilson,1985-02-08,henry.wilson1074@example.test,2026-07-01,2027-08-31
admiral-1003,Isla,Wilson,1995-03-15,isla.wilson1063@example.test,2026-06-01,2027-07-31
axa-1024,Henry,Patel,1986-06-08,henry.patel1054@example.test,2026-05-01,2027-06-30
